(2.10,-1.42514,2.64761)|(2.10,-0.82133,1.26996)|(2.10,-0.62264,0.97224)|(2.10,-0.51185,0.83894)|(2.10,-0.43740,0.76222)|(2.10,-0.38215,0.71184)|(2.10,-0.33853,0.67591)|(2.10,-0.30259,0.64881)|(2.10,-0.27203,0.62750)|(2.10,-0.24542,0.61021)|(2.10,-0.22180,0.59583)|(2.10,-0.20050,0.58362)|(2.10,-0.18104,0.57308)|(2.10,-0.16305,0.56385)|(2.10,-0.14628,0.55567)|(2.10,-0.13049,0.54834)|(2.10,-0.11552,0.54171)|(2.10,-0.10123,0.53566)|(2.10,-0.08749,0.53010)|(2.10,-0.07422,0.52496)|(2.10,-0.06132,0.52017)|(2.10,-0.04871,0.51568)|(2.10,-0.03634,0.51145)|(2.10,-0.02414,0.50745)|(2.10,-0.01204,0.50364)|(2.10,0.00000,0.50000)|(2.10,0.01204,0.49651)|(2.10,0.02414,0.49313)|(2.10,0.03634,0.48987)|(2.10,0.04871,0.48670)|(2.10,0.06132,0.48359)|(2.10,0.07422,0.48055)|(2.10,0.08749,0.47755)|(2.10,0.10123,0.47459)|(2.10,0.11552,0.47164)|(2.10,0.13049,0.46869)|(2.10,0.14628,0.46573)|(2.10,0.16305,0.46273)|(2.10,0.18104,0.45969)|(2.10,0.20050,0.45658)|(2.10,0.22180,0.45337)|(2.10,0.24542,0.45002)|(2.10,0.27203,0.44650)|(2.10,0.30259,0.44275)|(2.10,0.33853,0.43869)|(2.10,0.38215,0.43420)|(2.10,0.43740,0.42909)|(2.10,0.51185,0.42305)|(2.10,0.62264,0.41544)|(2.10,0.82133,0.40463)|(2.10,1.42514,0.38342)
(2.20,-1.85892,4.15417)|(2.20,-1.09295,1.86035)|(2.20,-0.83557,1.34660)|(2.20,-0.69044,1.11264)|(2.20,-0.59213,0.97648)|(2.20,-0.51873,0.88633)|(2.20,-0.46049,0.82165)|(2.20,-0.41231,0.77261)|(2.20,-0.37120,0.73390)|(2.20,-0.33529,0.70240)|(2.20,-0.30332,0.67612)|(2.20,-0.27443,0.65377)|(2.20,-0.24797,0.63444)|(2.20,-0.22349,0.61749)|(2.20,-0.20060,0.60244)|(2.20,-0.17904,0.58895)|(2.20,-0.15857,0.57674)|(2.20,-0.13900,0.56560)|(2.20,-0.12018,0.55536)|(2.20,-0.10197,0.54589)|(2.20,-0.08426,0.53706)|(2.20,-0.06695,0.52880)|(2.20,-0.04995,0.52103)|(2.20,-0.03318,0.51367)|(2.20,-0.01655,0.50668)|(2.20,0.00000,0.50000)|(2.20,0.01655,0.49360)|(2.20,0.03318,0.48743)|(2.20,0.04995,0.48147)|(2.20,0.06695,0.47568)|(2.20,0.08426,0.47004)|(2.20,0.10197,0.46451)|(2.20,0.12018,0.45908)|(2.20,0.13900,0.45372)|(2.20,0.15857,0.44840)|(2.20,0.17904,0.44310)|(2.20,0.20060,0.43780)|(2.20,0.22349,0.43246)|(2.20,0.24797,0.42705)|(2.20,0.27443,0.42154)|(2.20,0.30332,0.41588)|(2.20,0.33529,0.41002)|(2.20,0.37120,0.40388)|(2.20,0.41231,0.39739)|(2.20,0.46049,0.39041)|(2.20,0.51873,0.38275)|(2.20,0.59213,0.37414)|(2.20,0.69044,0.36407)|(2.20,0.83557,0.35157)|(2.20,1.09295,0.33420)|(2.20,1.85892,0.30141)
(2.30,-2.11418,5.22770)|(2.30,-1.26559,2.32081)|(2.30,-0.97490,1.64820)|(2.30,-0.80929,1.33708)|(2.30,-0.69630,1.15417)|(2.30,-0.61146,1.03216)|(2.30,-0.54384,0.94412)|(2.30,-0.48769,0.87708)|(2.30,-0.43962,0.82396)|(2.30,-0.39751,0.78060)|(2.30,-0.35994,0.74435)|(2.30,-0.32590,0.71345)|(2.30,-0.29468,0.68668)|(2.30,-0.26574,0.66318)|(2.30,-0.23865,0.64230)|(2.30,-0.21309,0.62356)|(2.30,-0.18880,0.60660)|(2.30,-0.16555,0.59111)|(2.30,-0.14317,0.57687)|(2.30,-0.12151,0.56370)|(2.30,-0.10043,0.55144)|(2.30,-0.07981,0.53996)|(2.30,-0.05956,0.52916)|(2.30,-0.03956,0.51895)|(2.30,-0.01974,0.50925)|(2.30,0.00000,0.50000)|(2.30,0.01974,0.49114)|(2.30,0.03956,0.48262)|(2.30,0.05956,0.47439)|(2.30,0.07981,0.46641)|(2.30,0.10043,0.45865)|(2.30,0.12151,0.45106)|(2.30,0.14317,0.44362)|(2.30,0.16555,0.43629)|(2.30,0.18880,0.42905)|(2.30,0.21309,0.42184)|(2.30,0.23865,0.41465)|(2.30,0.26574,0.40744)|(2.30,0.29468,0.40016)|(2.30,0.32590,0.39276)|(2.30,0.35994,0.38520)|(2.30,0.39751,0.37741)|(2.30,0.43962,0.36930)|(2.30,0.48769,0.36076)|(2.30,0.54384,0.35164)|(2.30,0.61146,0.34173)|(2.30,0.69630,0.33066)|(2.30,0.80929,0.31788)|(2.30,0.97490,0.30222)|(2.30,1.26559,0.28090)|(2.30,2.11418,0.24205)
(2.40,-2.28042,6.00227)|(2.40,-1.38745,2.68532)|(2.40,-1.07609,1.89463)|(2.40,-0.89702,1.52362)|(2.40,-0.77402,1.30345)|(2.40,-0.68119,1.15558)|(2.40,-0.60690,1.04833)|(2.40,-0.54498,0.96631)|(2.40,-0.49183,0.90111)|(2.40,-0.44515,0.84775)|(2.40,-0.40340,0.80302)|(2.40,-0.36552,0.76483)|(2.40,-0.33071,0.73170)|(2.40,-0.29838,0.70258)|(2.40,-0.26809,0.67668)|(2.40,-0.23947,0.65342)|(2.40,-0.21224,0.63235)|(2.40,-0.18616,0.61311)|(2.40,-0.16104,0.59542)|(2.40,-0.13670,0.57905)|(2.40,-0.11300,0.56381)|(2.40,-0.08982,0.54956)|(2.40,-0.06703,0.53615)|(2.40,-0.04453,0.52348)|(2.40,-0.02222,0.51146)|(2.40,0.00000,0.50000)|(2.40,0.02222,0.48904)|(2.40,0.04453,0.47850)|(2.40,0.06703,0.46834)|(2.40,0.08982,0.45851)|(2.40,0.11300,0.44896)|(2.40,0.13670,0.43964)|(2.40,0.16104,0.43051)|(2.40,0.18616,0.42155)|(2.40,0.21224,0.41270)|(2.40,0.23947,0.40392)|(2.40,0.26809,0.39519)|(2.40,0.29838,0.38645)|(2.40,0.33071,0.37766)|(2.40,0.36552,0.36877)|(2.40,0.40340,0.35971)|(2.40,0.44515,0.35041)|(2.40,0.49183,0.34078)|(2.40,0.54498,0.33070)|(2.40,0.60690,0.32000)|(2.40,0.68119,0.30844)|(2.40,0.77402,0.29566)|(2.40,0.89702,0.28103)|(2.40,1.07609,0.26335)|(2.40,1.38745,0.23971)|(2.40,2.28042,0.19802)
(2.50,-2.39398,6.56651)|(2.50,-1.47817,2.97770)|(2.50,-1.15355,2.09849)|(2.50,-0.96521,1.68049)|(2.50,-0.83505,1.43028)|(2.50,-0.73636,1.26119)|(2.50,-0.65706,1.13794)|(2.50,-0.59077,1.04333)|(2.50,-0.53371,0.96790)|(2.50,-0.48347,0.90599)|(2.50,-0.43846,0.85400)|(2.50,-0.39753,0.80953)|(2.50,-0.35987,0.77090)|(2.50,-0.32485,0.73690)|(2.50,-0.29199,0.70664)|(2.50,-0.26091,0.67944)|(2.50,-0.23131,0.65479)|(2.50,-0.20295,0.63228)|(2.50,-0.17560,0.61157)|(2.50,-0.14909,0.59241)|(2.50,-0.12326,0.57458)|(2.50,-0.09799,0.55790)|(2.50,-0.07313,0.54222)|(2.50,-0.04859,0.52742)|(2.50,-0.02424,0.51337)|(2.50,0.00000,0.50000)|(2.50,0.02424,0.48721)|(2.50,0.04859,0.47494)|(2.50,0.07313,0.46312)|(2.50,0.09799,0.45170)|(2.50,0.12326,0.44061)|(2.50,0.14909,0.42982)|(2.50,0.17560,0.41926)|(2.50,0.20295,0.40891)|(2.50,0.23131,0.39872)|(2.50,0.26091,0.38863)|(2.50,0.29199,0.37862)|(2.50,0.32485,0.36863)|(2.50,0.35987,0.35861)|(2.50,0.39753,0.34850)|(2.50,0.43846,0.33824)|(2.50,0.48347,0.32776)|(2.50,0.53371,0.31694)|(2.50,0.59077,0.30568)|(2.50,0.65706,0.29379)|(2.50,0.73636,0.28103)|(2.50,0.83505,0.26703)|(2.50,0.96521,0.25115)|(2.50,1.15355,0.23220)|(2.50,1.47817,0.20728)|(2.50,2.39398,0.16465)
(2.60,-2.47369,6.98030)|(2.60,-1.54800,3.21497)|(2.60,-1.21486,2.26901)|(2.60,-1.01999,1.81379)|(2.60,-0.88455,1.53913)|(2.60,-0.78140,1.35243)|(2.60,-0.69824,1.21574)|(2.60,-0.62851,1.11044)|(2.60,-0.56834,1.02623)|(2.60,-0.51525,0.95697)|(2.60,-0.46760,0.89869)|(2.60,-0.42420,0.84876)|(2.60,-0.38420,0.80533)|(2.60,-0.34696,0.76706)|(2.60,-0.31198,0.73298)|(2.60,-0.27887,0.70232)|(2.60,-0.24731,0.67453)|(2.60,-0.21703,0.64913)|(2.60,-0.18782,0.62577)|(2.60,-0.15950,0.60416)|(2.60,-0.13189,0.58404)|(2.60,-0.10485,0.56523)|(2.60,-0.07826,0.54755)|(2.60,-0.05200,0.53087)|(2.60,-0.02595,0.51505)|(2.60,0.00000,0.50000)|(2.60,0.02595,0.48562)|(2.60,0.05200,0.47184)|(2.60,0.07826,0.45857)|(2.60,0.10485,0.44576)|(2.60,0.13189,0.43335)|(2.60,0.15950,0.42128)|(2.60,0.18782,0.40951)|(2.60,0.21703,0.39797)|(2.60,0.24731,0.38663)|(2.60,0.27887,0.37544)|(2.60,0.31198,0.36436)|(2.60,0.34696,0.35332)|(2.60,0.38420,0.34228)|(2.60,0.42420,0.33118)|(2.60,0.46760,0.31996)|(2.60,0.51525,0.30852)|(2.60,0.56834,0.29677)|(2.60,0.62851,0.28459)|(2.60,0.69824,0.27180)|(2.60,0.78140,0.25816)|(2.60,0.88455,0.24329)|(2.60,1.01999,0.22659)|(2.60,1.21486,0.20686)|(2.60,1.54800,0.18133)|(2.60,2.47369,0.13886)
(2.70,-2.53051,7.28489)|(2.70,-1.60307,3.40956)|(2.70,-1.26454,2.41307)|(2.70,-1.06502,1.92813)|(2.70,-0.92561,1.63337)|(2.70,-0.81902,1.43193)|(2.70,-0.73280,1.28384)|(2.70,-0.66030,1.16937)|(2.70,-0.59760,1.07760)|(2.70,-0.54218,1.00195)|(2.70,-0.49234,0.93818)|(2.70,-0.44688,0.88346)|(2.70,-0.40493,0.83581)|(2.70,-0.36583,0.79378)|(2.70,-0.32906,0.75632)|(2.70,-0.29422,0.72260)|(2.70,-0.26099,0.69202)|(2.70,-0.22909,0.66407)|(2.70,-0.19830,0.63835)|(2.70,-0.16842,0.61456)|(2.70,-0.13928,0.59242)|(2.70,-0.11075,0.57171)|(2.70,-0.08267,0.55227)|(2.70,-0.05493,0.53392)|(2.70,-0.02741,0.51653)|(2.70,0.00000,0.50000)|(2.70,0.02741,0.48422)|(2.70,0.05493,0.46910)|(2.70,0.08267,0.45457)|(2.70,0.11075,0.44055)|(2.70,0.13928,0.42698)|(2.70,0.16842,0.41381)|(2.70,0.19830,0.40097)|(2.70,0.22909,0.38842)|(2.70,0.26099,0.37610)|(2.70,0.29422,0.36396)|(2.70,0.32906,0.35196)|(2.70,0.36583,0.34005)|(2.70,0.40493,0.32816)|(2.70,0.44688,0.31624)|(2.70,0.49234,0.30422)|(2.70,0.54218,0.29201)|(2.70,0.59760,0.27952)|(2.70,0.66030,0.26663)|(2.70,0.73280,0.25315)|(2.70,0.81902,0.23886)|(2.70,0.92561,0.22339)|(2.70,1.06502,0.20614)|(2.70,1.26454,0.18598)|(2.70,1.60307,0.16027)|(2.70,2.53051,0.11861)
(2.80,-2.57132,7.50924)|(2.80,-1.64731,3.57066)|(2.80,-1.30554,2.53587)|(2.80,-1.10270,2.02702)|(2.80,-0.96027,1.71561)|(2.80,-0.85096,1.50174)|(2.80,-0.76228,1.34389)|(2.80,-0.68752,1.22152)|(2.80,-0.62273,1.12316)|(2.80,-0.56536,1.04191)|(2.80,-0.51368,0.97331)|(2.80,-0.46648,0.91437)|(2.80,-0.42286,0.86298)|(2.80,-0.38217,0.81761)|(2.80,-0.34387,0.77714)|(2.80,-0.30755,0.74070)|(2.80,-0.27288,0.70763)|(2.80,-0.23957,0.67740)|(2.80,-0.20741,0.64958)|(2.80,-0.17618,0.62384)|(2.80,-0.14572,0.59989)|(2.80,-0.11588,0.57749)|(2.80,-0.08650,0.55646)|(2.80,-0.05748,0.53663)|(2.80,-0.02868,0.51785)|(2.80,0.00000,0.50000)|(2.80,0.02868,0.48297)|(2.80,0.05748,0.46667)|(2.80,0.08650,0.45102)|(2.80,0.11588,0.43593)|(2.80,0.14572,0.42135)|(2.80,0.17618,0.40720)|(2.80,0.20741,0.39344)|(2.80,0.23957,0.38000)|(2.80,0.27288,0.36683)|(2.80,0.30755,0.35388)|(2.80,0.34387,0.34111)|(2.80,0.38217,0.32844)|(2.80,0.42286,0.31584)|(2.80,0.46648,0.30323)|(2.80,0.51368,0.29055)|(2.80,0.56536,0.27772)|(2.80,0.62273,0.26463)|(2.80,0.68752,0.25117)|(2.80,0.76228,0.23717)|(2.80,0.85096,0.22240)|(2.80,0.96027,0.20651)|(2.80,1.10270,0.18892)|(2.80,1.30554,0.16857)|(2.80,1.64731,0.14296)|(2.80,2.57132,0.10246)
(2.90,-2.60065,7.67395)|(2.90,-1.68337,3.70516)|(2.90,-1.33988,2.64139)|(2.90,-1.13468,2.11321)|(2.90,-0.98993,1.78791)|(2.90,-0.87846,1.56345)|(2.90,-0.78776,1.39721)|(2.90,-0.71113,1.26795)|(2.90,-0.64459,1.16382)|(2.90,-0.58556,1.07764)|(2.90,-0.53231,1.00477)|(2.90,-0.48361,0.94207)|(2.90,-0.43857,0.88735)|(2.90,-0.39650,0.83900)|(2.90,-0.35687,0.79584)|(2.90,-0.31926,0.75695)|(2.90,-0.28332,0.72165)|(2.90,-0.24879,0.68937)|(2.90,-0.21542,0.65966)|(2.90,-0.18302,0.63216)|(2.90,-0.15139,0.60659)|(2.90,-0.12040,0.58268)|(2.90,-0.08989,0.56023)|(2.90,-0.05973,0.53906)|(2.90,-0.02981,0.51903)|(2.90,0.00000,0.50000)|(2.90,0.02981,0.48186)|(2.90,0.05973,0.46450)|(2.90,0.08989,0.44785)|(2.90,0.12040,0.43182)|(2.90,0.15139,0.41633)|(2.90,0.18302,0.40133)|(2.90,0.21542,0.38675)|(2.90,0.24879,0.37253)|(2.90,0.28332,0.35862)|(2.90,0.31926,0.34497)|(2.90,0.35687,0.33152)|(2.90,0.39650,0.31821)|(2.90,0.43857,0.30500)|(2.90,0.48361,0.29181)|(2.90,0.53231,0.27858)|(2.90,0.58556,0.26523)|(2.90,0.64459,0.25167)|(2.90,0.71113,0.23776)|(2.90,0.78776,0.22336)|(2.90,0.87846,0.20824)|(2.90,0.98993,0.19206)|(2.90,1.13468,0.17428)|(2.90,1.33988,0.15390)|(2.90,1.68337,0.12857)|(2.90,2.60065,0.08941)
(3.00,-2.62158,7.79393)|(3.00,-1.71312,3.81833)|(3.00,-1.36899,2.73274)|(3.00,-1.16214,2.18884)|(3.00,-1.01560,1.85187)|(3.00,-0.90238,1.61835)|(3.00,-0.81003,1.44482)|(3.00,-0.73183,1.30954)|(3.00,-0.66379,1.20033)|(3.00,-0.60335,1.10977)|(3.00,-0.54875,1.03309)|(3.00,-0.49876,0.96704)|(3.00,-0.45247,0.90933)|(3.00,-0.40919,0.85830)|(3.00,-0.36839,0.81271)|(3.00,-0.32964,0.77163)|(3.00,-0.29260,0.73431)|(3.00,-0.25698,0.70017)|(3.00,-0.22255,0.66876)|(3.00,-0.18909,0.63968)|(3.00,-0.15644,0.61263)|(3.00,-0.12442,0.58735)|(3.00,-0.09289,0.56362)|(3.00,-0.06173,0.54125)|(3.00,-0.03081,0.52009)|(3.00,0.00000,0.50000)|(3.00,0.03081,0.48086)|(3.00,0.06173,0.46256)|(3.00,0.09289,0.44501)|(3.00,0.12442,0.42813)|(3.00,0.15644,0.41184)|(3.00,0.18909,0.39607)|(3.00,0.22255,0.38077)|(3.00,0.25698,0.36586)|(3.00,0.29260,0.35130)|(3.00,0.32964,0.33703)|(3.00,0.36839,0.32300)|(3.00,0.40919,0.30914)|(3.00,0.45247,0.29540)|(3.00,0.49876,0.28172)|(3.00,0.54875,0.26803)|(3.00,0.60335,0.25425)|(3.00,0.66379,0.24030)|(3.00,0.73183,0.22604)|(3.00,0.81003,0.21132)|(3.00,0.90238,0.19594)|(3.00,1.01560,0.17958)|(3.00,1.16214,0.16172)|(3.00,1.36899,0.14141)|(3.00,1.71312,0.11647)|(3.00,2.62158,0.07873)
(3.25,-2.64995,7.96295)|(3.25,-1.76802,4.03238)|(3.25,-1.42517,2.91387)|(3.25,-1.21624,2.34213)|(3.25,-1.06682,1.98322)|(3.25,-0.95053,1.73208)|(3.25,-0.85512,1.54407)|(3.25,-0.77395,1.39663)|(3.25,-0.70303,1.27703)|(3.25,-0.63981,1.17747)|(3.25,-0.58253,1.09289)|(3.25,-0.52994,1.01984)|(3.25,-0.48114,0.95586)|(3.25,-0.43542,0.89920)|(3.25,-0.39223,0.84850)|(3.25,-0.35116,0.80276)|(3.25,-0.31184,0.76117)|(3.25,-0.27399,0.72311)|(3.25,-0.23735,0.68806)|(3.25,-0.20173,0.65563)|(3.25,-0.16693,0.62545)|(3.25,-0.13279,0.59726)|(3.25,-0.09916,0.57081)|(3.25,-0.06590,0.54589)|(3.25,-0.03289,0.52234)|(3.25,0.00000,0.50000)|(3.25,0.03289,0.47874)|(3.25,0.06590,0.45845)|(3.25,0.09916,0.43903)|(3.25,0.13279,0.42037)|(3.25,0.16693,0.40241)|(3.25,0.20173,0.38507)|(3.25,0.23735,0.36827)|(3.25,0.27399,0.35196)|(3.25,0.31184,0.33608)|(3.25,0.35116,0.32056)|(3.25,0.39223,0.30535)|(3.25,0.43542,0.29039)|(3.25,0.48114,0.27563)|(3.25,0.52994,0.26100)|(3.25,0.58253,0.24645)|(3.25,0.63981,0.23188)|(3.25,0.70303,0.21722)|(3.25,0.77395,0.20236)|(3.25,0.85512,0.18716)|(3.25,0.95053,0.17143)|(3.25,1.06682,0.15489)|(3.25,1.21624,0.13710)|(3.25,1.42517,0.11725)|(3.25,1.76802,0.09352)|(3.25,2.64995,0.05927)
(3.50,-2.65836,8.02040)|(3.50,-1.80462,4.17908)|(3.50,-1.46523,3.04688)|(3.50,-1.25594,2.45817)|(3.50,-1.10506,2.08441)|(3.50,-0.98689,1.82074)|(3.50,-0.88946,1.62209)|(3.50,-0.80623,1.46551)|(3.50,-0.73327,1.33798)|(3.50,-0.66802,1.23146)|(3.50,-0.60876,1.14071)|(3.50,-0.55423,1.06214)|(3.50,-0.50352,0.99322)|(3.50,-0.45594,0.93206)|(3.50,-0.41093,0.87728)|(3.50,-0.36805,0.82780)|(3.50,-0.32697,0.78279)|(3.50,-0.28737,0.74156)|(3.50,-0.24902,0.70360)|(3.50,-0.21169,0.66845)|(3.50,-0.17520,0.63576)|(3.50,-0.13939,0.60522)|(3.50,-0.10410,0.57657)|(3.50,-0.06919,0.54961)|(3.50,-0.03453,0.52414)|(3.50,0.00000,0.50000)|(3.50,0.03453,0.47705)|(3.50,0.06919,0.45518)|(3.50,0.10410,0.43426)|(3.50,0.13939,0.41421)|(3.50,0.17520,0.39494)|(3.50,0.21169,0.37636)|(3.50,0.24902,0.35841)|(3.50,0.28737,0.34102)|(3.50,0.32697,0.32412)|(3.50,0.36805,0.30766)|(3.50,0.41093,0.29158)|(3.50,0.45594,0.27582)|(3.50,0.50352,0.26032)|(3.50,0.55423,0.24503)|(3.50,0.60876,0.22987)|(3.50,0.66802,0.21479)|(3.50,0.73327,0.19970)|(3.50,0.80623,0.18449)|(3.50,0.88946,0.16906)|(3.50,0.98689,0.15322)|(3.50,1.10506,0.13673)|(3.50,1.25594,0.11923)|(3.50,1.46523,0.10001)|(3.50,1.80462,0.07756)|(3.50,2.65836,0.04647)
(3.75,-2.65656,8.01967)|(3.75,-1.82996,4.28275)|(3.75,-1.49491,3.14751)|(3.75,-1.28618,2.54846)|(3.75,-1.13462,2.16443)|(3.75,-1.01530,1.89159)|(3.75,-0.91649,1.68489)|(3.75,-0.83178,1.52126)|(3.75,-0.75730,1.38752)|(3.75,-0.69053,1.27548)|(3.75,-0.62975,1.17979)|(3.75,-0.57372,1.09679)|(3.75,-0.52152,1.02385)|(3.75,-0.47247,0.95904)|(3.75,-0.42601,0.90093)|(3.75,-0.38170,0.84839)|(3.75,-0.33920,0.80056)|(3.75,-0.29821,0.75674)|(3.75,-0.25847,0.71637)|(3.75,-0.21977,0.67899)|(3.75,-0.18192,0.64423)|(3.75,-0.14475,0.61175)|(3.75,-0.10812,0.58131)|(3.75,-0.07187,0.55266)|(3.75,-0.03587,0.52561)|(3.75,0.00000,0.50000)|(3.75,0.03587,0.47567)|(3.75,0.07187,0.45251)|(3.75,0.10812,0.43038)|(3.75,0.14475,0.40920)|(3.75,0.18192,0.38887)|(3.75,0.21977,0.36930)|(3.75,0.25847,0.35043)|(3.75,0.29821,0.33218)|(3.75,0.33920,0.31449)|(3.75,0.38170,0.29730)|(3.75,0.42601,0.28055)|(3.75,0.47247,0.26418)|(3.75,0.52152,0.24814)|(3.75,0.57372,0.23236)|(3.75,0.62975,0.21679)|(3.75,0.69053,0.20136)|(3.75,0.75730,0.18599)|(3.75,0.83178,0.17060)|(3.75,0.91649,0.15506)|(3.75,1.01530,0.13925)|(3.75,1.13462,0.12294)|(3.75,1.28618,0.10580)|(3.75,1.49491,0.08725)|(3.75,1.82996,0.06601)|(3.75,2.65656,0.03764)
(4.00,-2.64949,7.98851)|(4.00,-1.84805,4.35790)|(4.00,-1.51759,3.22559)|(4.00,-1.30987,2.62036)|(4.00,-1.15812,2.22908)|(4.00,-1.03808,1.94936)|(4.00,-0.93831,1.73645)|(4.00,-0.85251,1.56726)|(4.00,-0.77688,1.42853)|(4.00,-0.70892,1.31203)|(4.00,-0.64694,1.21232)|(4.00,-0.58971,1.12567)|(4.00,-0.53632,1.04942)|(4.00,-0.48608,0.98159)|(4.00,-0.43844,0.92070)|(4.00,-0.39297,0.86562)|(4.00,-0.34932,0.81544)|(4.00,-0.30717,0.76944)|(4.00,-0.26629,0.72706)|(4.00,-0.22646,0.68781)|(4.00,-0.18749,0.65131)|(4.00,-0.14920,0.61722)|(4.00,-0.11145,0.58526)|(4.00,-0.07409,0.55520)|(4.00,-0.03698,0.52684)|(4.00,0.00000,0.50000)|(4.00,0.03698,0.47453)|(4.00,0.07409,0.45029)|(4.00,0.11145,0.42716)|(4.00,0.14920,0.40504)|(4.00,0.18749,0.38384)|(4.00,0.22646,0.36347)|(4.00,0.26629,0.34385)|(4.00,0.30717,0.32491)|(4.00,0.34932,0.30658)|(4.00,0.39297,0.28881)|(4.00,0.43844,0.27153)|(4.00,0.48608,0.25469)|(4.00,0.53632,0.23823)|(4.00,0.58971,0.22209)|(4.00,0.64694,0.20622)|(4.00,0.70892,0.19055)|(4.00,0.77688,0.17500)|(4.00,0.85251,0.15951)|(4.00,0.93831,0.14397)|(4.00,1.03808,0.12825)|(4.00,1.15812,0.11215)|(4.00,1.30987,0.09541)|(4.00,1.51759,0.07751)|(4.00,1.84805,0.05737)|(4.00,2.64949,0.03129)
(4.50,-2.62891,7.88814)|(4.50,-1.87108,4.45546)|(4.50,-1.54956,3.33736)|(4.50,-1.34441,2.72691)|(4.50,-1.19299,2.32671)|(4.50,-1.07228,2.03766)|(4.50,-0.97133,1.81590)|(4.50,-0.88408,1.63857)|(4.50,-0.80684,1.49242)|(4.50,-0.73718,1.36917)|(4.50,-0.67345,1.26331)|(4.50,-0.61444,1.17105)|(4.50,-0.55926,1.08966)|(4.50,-0.50722,1.01711)|(4.50,-0.45779,0.95189)|(4.50,-0.41053,0.89280)|(4.50,-0.36508,0.83892)|(4.50,-0.32116,0.78950)|(4.50,-0.27852,0.74394)|(4.50,-0.23692,0.70174)|(4.50,-0.19619,0.66249)|(4.50,-0.15616,0.62583)|(4.50,-0.11666,0.59149)|(4.50,-0.07756,0.55921)|(4.50,-0.03872,0.52877)|(4.50,0.00000,0.50000)|(4.50,0.03872,0.47272)|(4.50,0.07756,0.44681)|(4.50,0.11666,0.42212)|(4.50,0.15616,0.39855)|(4.50,0.19619,0.37601)|(4.50,0.23692,0.35439)|(4.50,0.27852,0.33363)|(4.50,0.32116,0.31364)|(4.50,0.36508,0.29436)|(4.50,0.41053,0.27573)|(4.50,0.45779,0.25768)|(4.50,0.50722,0.24016)|(4.50,0.55926,0.22311)|(4.50,0.61444,0.20649)|(4.50,0.67345,0.19023)|(4.50,0.73718,0.17427)|(4.50,0.80684,0.15856)|(4.50,0.88408,0.14303)|(4.50,0.97133,0.12758)|(4.50,1.07228,0.11213)|(4.50,1.19299,0.09651)|(4.50,1.34441,0.08052)|(4.50,1.54956,0.06377)|(4.50,1.87108,0.04548)|(4.50,2.62891,0.02302)
(5.00,-2.60646,7.77564)|(5.00,-1.88419,4.51232)|(5.00,-1.57065,3.41225)|(5.00,-1.36818,2.80145)|(5.00,-1.21751,2.39654)|(5.00,-1.09667,2.10172)|(5.00,-0.99511,1.87412)|(5.00,-0.90698,1.69120)|(5.00,-0.82869,1.53983)|(5.00,-0.75788,1.41174)|(5.00,-0.69294,1.30142)|(5.00,-0.63268,1.20505)|(5.00,-0.57622,1.11987)|(5.00,-0.52288,1.04383)|(5.00,-0.47215,0.97537)|(5.00,-0.42358,0.91328)|(5.00,-0.37683,0.85663)|(5.00,-0.33160,0.80463)|(5.00,-0.28764,0.75667)|(5.00,-0.24474,0.71224)|(5.00,-0.20270,0.67091)|(5.00,-0.16136,0.63232)|(5.00,-0.12056,0.59618)|(5.00,-0.08016,0.56222)|(5.00,-0.04002,0.53023)|(5.00,0.00000,0.50000)|(5.00,0.04002,0.47137)|(5.00,0.08016,0.44420)|(5.00,0.12056,0.41835)|(5.00,0.16136,0.39372)|(5.00,0.20270,0.37018)|(5.00,0.24474,0.34766)|(5.00,0.28764,0.32607)|(5.00,0.33160,0.30533)|(5.00,0.37683,0.28537)|(5.00,0.42358,0.26614)|(5.00,0.47215,0.24756)|(5.00,0.52288,0.22958)|(5.00,0.57622,0.21216)|(5.00,0.63268,0.19523)|(5.00,0.69294,0.17874)|(5.00,0.75788,0.16265)|(5.00,0.82869,0.14689)|(5.00,0.90698,0.13140)|(5.00,0.99511,0.11613)|(5.00,1.09667,0.10096)|(5.00,1.21751,0.08580)|(5.00,1.36818,0.07047)|(5.00,1.57065,0.05468)|(5.00,1.88419,0.03784)|(5.00,2.60646,0.01801)
(5.50,-2.58520,7.66854)|(5.50,-1.89199,4.54704)|(5.50,-1.58537,3.46510)|(5.50,-1.38542,2.85610)|(5.50,-1.23564,2.44874)|(5.50,-1.11490,2.15018)|(5.50,-1.01302,1.91851)|(5.50,-0.92433,1.73157)|(5.50,-0.84532,1.57636)|(5.50,-0.77370,1.44466)|(5.50,-0.70787,1.33097)|(5.50,-0.64669,1.23147)|(5.50,-0.58927,1.14338)|(5.50,-0.53496,1.06464)|(5.50,-0.48324,0.99367)|(5.50,-0.43367,0.92927)|(5.50,-0.38592,0.87045)|(5.50,-0.33968,0.81644)|(5.50,-0.29471,0.76661)|(5.50,-0.25080,0.72043)|(5.50,-0.20776,0.67748)|(5.50,-0.16541,0.63739)|(5.50,-0.12360,0.59984)|(5.50,-0.08218,0.56457)|(5.50,-0.04103,0.53136)|(5.50,0.00000,0.50000)|(5.50,0.04103,0.47033)|(5.50,0.08218,0.44218)|(5.50,0.12360,0.41544)|(5.50,0.16541,0.38997)|(5.50,0.20776,0.36568)|(5.50,0.25080,0.34247)|(5.50,0.29471,0.32025)|(5.50,0.33968,0.29895)|(5.50,0.38592,0.27849)|(5.50,0.43367,0.25881)|(5.50,0.48324,0.23985)|(5.50,0.53496,0.22155)|(5.50,0.58927,0.20386)|(5.50,0.64669,0.18673)|(5.50,0.70787,0.17011)|(5.50,0.77370,0.15395)|(5.50,0.84532,0.13820)|(5.50,0.92433,0.12281)|(5.50,1.01302,0.10770)|(5.50,1.11490,0.09282)|(5.50,1.23564,0.07806)|(5.50,1.38542,0.06329)|(5.50,1.58537,0.04829)|(5.50,1.89199,0.03259)|(5.50,2.58520,0.01474)
(6.00,-2.56598,7.57177)|(6.00,-1.89677,4.56895)|(6.00,-1.59610,3.50395)|(6.00,-1.39844,2.89768)|(6.00,-1.24954,2.48912)|(6.00,-1.12902,2.18804)|(6.00,-1.02699,1.95343)|(6.00,-0.93792,1.76348)|(6.00,-0.85840,1.60534)|(6.00,-0.78617,1.47085)|(6.00,-0.71968,1.35454)|(6.00,-0.65779,1.25258)|(6.00,-0.59963,1.16219)|(6.00,-0.54457,1.08131)|(6.00,-0.49207,1.00835)|(6.00,-0.44171,0.94209)|(6.00,-0.39317,0.88154)|(6.00,-0.34613,0.82591)|(6.00,-0.30036,0.77458)|(6.00,-0.25565,0.72701)|(6.00,-0.21180,0.68275)|(6.00,-0.16864,0.64145)|(6.00,-0.12602,0.60277)|(6.00,-0.08380,0.56645)|(6.00,-0.04183,0.53226)|(6.00,0.00000,0.50000)|(6.00,0.04183,0.46949)|(6.00,0.08380,0.44057)|(6.00,0.12602,0.41311)|(6.00,0.16864,0.38699)|(6.00,0.21180,0.36210)|(6.00,0.25565,0.33835)|(6.00,0.30036,0.31564)|(6.00,0.34613,0.29389)|(6.00,0.39317,0.27304)|(6.00,0.44171,0.25303)|(6.00,0.49207,0.23378)|(6.00,0.54457,0.21524)|(6.00,0.59963,0.19737)|(6.00,0.65779,0.18011)|(6.00,0.71968,0.16341)|(6.00,0.78617,0.14722)|(6.00,0.85840,0.13151)|(6.00,0.93792,0.11621)|(6.00,1.02699,0.10128)|(6.00,1.12902,0.08665)|(6.00,1.24954,0.07224)|(6.00,1.39844,0.05795)|(6.00,1.59610,0.04359)|(6.00,1.89677,0.02881)|(6.00,2.56598,0.01248)
(6.50,-2.54887,7.48592)|(6.50,-1.89974,4.58305)|(6.50,-1.60420,3.53345)|(6.50,-1.40857,2.93025)|(6.50,-1.26052,2.52121)|(6.50,-1.14026,2.21839)|(6.50,-1.03817,1.98159)|(6.50,-0.94885,1.78932)|(6.50,-0.86895,1.62888)|(6.50,-0.79626,1.49218)|(6.50,-0.72925,1.37376)|(6.50,-0.66680,1.26982)|(6.50,-0.60806,1.17758)|(6.50,-0.55238,1.09496)|(6.50,-0.49926,1.02038)|(6.50,-0.44827,0.95259)|(6.50,-0.39908,0.89063)|(6.50,-0.35140,0.83369)|(6.50,-0.30498,0.78113)|(6.50,-0.25961,0.73240)|(6.50,-0.21510,0.68708)|(6.50,-0.17128,0.64478)|(6.50,-0.12801,0.60517)|(6.50,-0.08512,0.56799)|(6.50,-0.04250,0.53300)|(6.50,0.00000,0.50000)|(6.50,0.04250,0.46880)|(6.50,0.08512,0.43925)|(6.50,0.12801,0.41121)|(6.50,0.17128,0.38456)|(6.50,0.21510,0.35919)|(6.50,0.25961,0.33499)|(6.50,0.30498,0.31189)|(6.50,0.35140,0.28979)|(6.50,0.39908,0.26864)|(6.50,0.44827,0.24836)|(6.50,0.49926,0.22888)|(6.50,0.55238,0.21017)|(6.50,0.60806,0.19216)|(6.50,0.66680,0.17480)|(6.50,0.72925,0.15805)|(6.50,0.79626,0.14186)|(6.50,0.86895,0.12619)|(6.50,0.94885,0.11099)|(6.50,1.03817,0.09622)|(6.50,1.14026,0.08181)|(6.50,1.26052,0.06771)|(6.50,1.40857,0.05382)|(6.50,1.60420,0.04000)|(6.50,1.89974,0.02597)|(6.50,2.54887,0.01084)
(7.00,-2.53373,7.41018)|(7.00,-1.90158,4.59223)|(7.00,-1.61048,3.55646)|(7.00,-1.41666,2.95638)|(7.00,-1.26940,2.54728)|(7.00,-1.14942,2.24324)|(7.00,-1.04733,2.00476)|(7.00,-0.95783,1.81067)|(7.00,-0.87764,1.64838)|(7.00,-0.80459,1.50988)|(7.00,-0.73717,1.38975)|(7.00,-0.67426,1.28418)|(7.00,-0.61504,1.19040)|(7.00,-0.55887,1.10634)|(7.00,-0.50523,1.03041)|(7.00,-0.45373,0.96136)|(7.00,-0.40400,0.89822)|(7.00,-0.35579,0.84018)|(7.00,-0.30882,0.78659)|(7.00,-0.26291,0.73691)|(7.00,-0.21785,0.69069)|(7.00,-0.17349,0.64755)|(7.00,-0.12966,0.60718)|(7.00,-0.08622,0.56928)|(7.00,-0.04305,0.53362)|(7.00,0.00000,0.50000)|(7.00,0.04305,0.46823)|(7.00,0.08622,0.43816)|(7.00,0.12966,0.40964)|(7.00,0.17349,0.38254)|(7.00,0.21785,0.35677)|(7.00,0.26291,0.33221)|(7.00,0.30882,0.30878)|(7.00,0.35579,0.28640)|(7.00,0.40400,0.26500)|(7.00,0.45373,0.24450)|(7.00,0.50523,0.22485)|(7.00,0.55887,0.20600)|(7.00,0.61504,0.18788)|(7.00,0.67426,0.17045)|(7.00,0.73717,0.15367)|(7.00,0.80459,0.13749)|(7.00,0.87764,0.12187)|(7.00,0.95783,0.10677)|(7.00,1.04733,0.09214)|(7.00,1.14942,0.07794)|(7.00,1.26940,0.06410)|(7.00,1.41666,0.05056)|(7.00,1.61048,0.03719)|(7.00,1.90158,0.02378)|(7.00,2.53373,0.00961)
(8.00,-2.50841,7.28419)|(8.00,-1.90332,4.60200)|(8.00,-1.61951,3.58973)|(8.00,-1.42874,2.99556)|(8.00,-1.28285,2.58700)|(8.00,-1.16342,2.28144)|(8.00,-1.06141,2.04061)|(8.00,-0.97170,1.84383)|(8.00,-0.89111,1.67878)|(8.00,-0.81753,1.53755)|(8.00,-0.74949,1.41478)|(8.00,-0.68590,1.30669)|(8.00,-0.62595,1.21053)|(8.00,-0.56901,1.12423)|(8.00,-0.51459,1.04619)|(8.00,-0.46227,0.97517)|(8.00,-0.41172,0.91018)|(8.00,-0.36267,0.85040)|(8.00,-0.31486,0.79519)|(8.00,-0.26809,0.74401)|(8.00,-0.22218,0.69638)|(8.00,-0.17695,0.65193)|(8.00,-0.13226,0.61033)|(8.00,-0.08796,0.57130)|(8.00,-0.04392,0.53459)|(8.00,0.00000,0.50000)|(8.00,0.04392,0.46734)|(8.00,0.08796,0.43644)|(8.00,0.13226,0.40716)|(8.00,0.17695,0.37938)|(8.00,0.22218,0.35298)|(8.00,0.26809,0.32787)|(8.00,0.31486,0.30394)|(8.00,0.36267,0.28112)|(8.00,0.41172,0.25934)|(8.00,0.46227,0.23852)|(8.00,0.51459,0.21861)|(8.00,0.56901,0.19955)|(8.00,0.62595,0.18128)|(8.00,0.68590,0.16377)|(8.00,0.74949,0.14696)|(8.00,0.81753,0.13081)|(8.00,0.89111,0.11529)|(8.00,0.97170,0.10036)|(8.00,1.06141,0.08598)|(8.00,1.16342,0.07211)|(8.00,1.28285,0.05871)|(8.00,1.42874,0.04573)|(8.00,1.61951,0.03308)|(8.00,1.90332,0.02062)|(8.00,2.50841,0.00792)
(9.00,-2.48827,7.18470)|(9.00,-1.90373,4.60569)|(9.00,-1.62560,3.61236)|(9.00,-1.43728,3.02342)|(9.00,-1.29254,2.61577)|(9.00,-1.17361,2.30940)|(9.00,-1.07172,2.06702)|(9.00,-0.98190,1.86839)|(9.00,-0.90105,1.70137)|(9.00,-0.82712,1.55817)|(9.00,-0.75864,1.43348)|(9.00,-0.69456,1.32354)|(9.00,-0.63408,1.22562)|(9.00,-0.57658,1.13765)|(9.00,-0.52158,1.05804)|(9.00,-0.46866,0.98554)|(9.00,-0.41750,0.91916)|(9.00,-0.36782,0.85809)|(9.00,-0.31938,0.80167)|(9.00,-0.27198,0.74934)|(9.00,-0.22542,0.70066)|(9.00,-0.17955,0.65522)|(9.00,-0.13421,0.61270)|(9.00,-0.08926,0.57282)|(9.00,-0.04457,0.53532)|(9.00,0.00000,0.50000)|(9.00,0.04457,0.46666)|(9.00,0.08926,0.43515)|(9.00,0.13421,0.40531)|(9.00,0.17955,0.37702)|(9.00,0.22542,0.35016)|(9.00,0.27198,0.32463)|(9.00,0.31938,0.30034)|(9.00,0.36782,0.27720)|(9.00,0.41750,0.25514)|(9.00,0.46866,0.23410)|(9.00,0.52158,0.21400)|(9.00,0.57658,0.19479)|(9.00,0.63408,0.17643)|(9.00,0.69456,0.15887)|(9.00,0.75864,0.14205)|(9.00,0.82712,0.12595)|(9.00,0.90105,0.11053)|(9.00,0.98190,0.09574)|(9.00,1.07172,0.08156)|(9.00,1.17361,0.06796)|(9.00,1.29254,0.05490)|(9.00,1.43728,0.04234)|(9.00,1.62560,0.03023)|(9.00,1.90373,0.01848)|(9.00,2.48827,0.00681)
(10.00,-2.47199,7.10470)|(10.00,-1.90352,4.60646)|(10.00,-1.62995,3.62859)|(10.00,-1.44361,3.04418)|(10.00,-1.29984,2.63752)|(10.00,-1.18135,2.33072)|(10.00,-1.07959,2.08728)|(10.00,-0.98972,1.88730)|(10.00,-0.90870,1.71882)|(10.00,-0.83450,1.57413)|(10.00,-0.76570,1.44797)|(10.00,-0.70125,1.33662)|(10.00,-0.64037,1.23735)|(10.00,-0.58245,1.14809)|(10.00,-0.52699,1.06727)|(10.00,-0.47362,0.99362)|(10.00,-0.42198,0.92616)|(10.00,-0.37183,0.86408)|(10.00,-0.32290,0.80671)|(10.00,-0.27500,0.75350)|(10.00,-0.22795,0.70399)|(10.00,-0.18158,0.65778)|(10.00,-0.13573,0.61455)|(10.00,-0.09028,0.57400)|(10.00,-0.04507,0.53589)|(10.00,0.00000,0.50000)|(10.00,0.04507,0.46614)|(10.00,0.09028,0.43415)|(10.00,0.13573,0.40387)|(10.00,0.18158,0.37519)|(10.00,0.22795,0.34797)|(10.00,0.27500,0.32213)|(10.00,0.32290,0.29755)|(10.00,0.37183,0.27417)|(10.00,0.42198,0.25191)|(10.00,0.47362,0.23069)|(10.00,0.52699,0.21045)|(10.00,0.58245,0.19115)|(10.00,0.64037,0.17272)|(10.00,0.70125,0.15512)|(10.00,0.76570,0.13832)|(10.00,0.83450,0.12226)|(10.00,0.90870,0.10691)|(10.00,0.98972,0.09225)|(10.00,1.07959,0.07824)|(10.00,1.18135,0.06485)|(10.00,1.29984,0.05206)|(10.00,1.44361,0.03984)|(10.00,1.62995,0.02815)|(10.00,1.90352,0.01695)|(10.00,2.47199,0.00604)
(20.00,-2.39825,6.74805)|(20.00,-1.89790,4.59047)|(20.00,-1.64453,3.68387)|(20.00,-1.46738,3.12266)|(20.00,-1.32827,2.72296)|(20.00,-1.21210,2.41625)|(20.00,-1.11130,2.16964)|(20.00,-1.02151,1.96492)|(20.00,-0.93999,1.79096)|(20.00,-0.86489,1.64048)|(20.00,-0.79488,1.50850)|(20.00,-0.72901,1.39143)|(20.00,-0.66655,1.28662)|(20.00,-0.60691,1.19205)|(20.00,-0.54965,1.10616)|(20.00,-0.49439,1.02773)|(20.00,-0.44081,0.95574)|(20.00,-0.38865,0.88940)|(20.00,-0.33769,0.82804)|(20.00,-0.28773,0.77108)|(20.00,-0.23859,0.71808)|(20.00,-0.19011,0.66861)|(20.00,-0.14214,0.62235)|(20.00,-0.09455,0.57899)|(20.00,-0.04722,0.53828)|(20.00,0.00000,0.50000)|(20.00,0.04722,0.46395)|(20.00,0.09455,0.42995)|(20.00,0.14214,0.39786)|(20.00,0.19011,0.36753)|(20.00,0.23859,0.33885)|(20.00,0.28773,0.31170)|(20.00,0.33769,0.28600)|(20.00,0.38865,0.26165)|(20.00,0.44081,0.23857)|(20.00,0.49439,0.21669)|(20.00,0.54965,0.19595)|(20.00,0.60691,0.17630)|(20.00,0.66655,0.15767)|(20.00,0.72901,0.14003)|(20.00,0.79488,0.12333)|(20.00,0.86489,0.10755)|(20.00,0.93999,0.09263)|(20.00,1.02151,0.07857)|(20.00,1.11130,0.06535)|(20.00,1.21210,0.05293)|(20.00,1.32827,0.04133)|(20.00,1.46738,0.03055)|(20.00,1.64453,0.02061)|(20.00,1.89790,0.01156)|(20.00,2.39825,0.00355)
(50.00,-2.35472,6.54209)|(50.00,-1.89170,4.56926)|(50.00,-1.65005,3.70547)|(50.00,-1.47848,3.15969)|(50.00,-1.34234,2.76568)|(50.00,-1.22778,2.46030)|(50.00,-1.12776,2.21288)|(50.00,-1.03823,2.00621)|(50.00,-0.95661,1.82970)|(50.00,-0.88114,1.67639)|(50.00,-0.81058,1.54145)|(50.00,-0.74402,1.42140)|(50.00,-0.68076,1.31365)|(50.00,-0.62024,1.21624)|(50.00,-0.56203,1.12762)|(50.00,-0.50576,1.04657)|(50.00,-0.45113,0.97211)|(50.00,-0.39790,0.90343)|(50.00,-0.34583,0.83985)|(50.00,-0.29474,0.78083)|(50.00,-0.24445,0.72588)|(50.00,-0.19482,0.67461)|(50.00,-0.14568,0.62666)|(50.00,-0.09692,0.58175)|(50.00,-0.04840,0.53960)|(50.00,0.00000,0.50000)|(50.00,0.04840,0.46274)|(50.00,0.09692,0.42765)|(50.00,0.14568,0.39456)|(50.00,0.19482,0.36335)|(50.00,0.24445,0.33388)|(50.00,0.29474,0.30605)|(50.00,0.34583,0.27975)|(50.00,0.39790,0.25490)|(50.00,0.45113,0.23141)|(50.00,0.50576,0.20922)|(50.00,0.56203,0.18825)|(50.00,0.62024,0.16846)|(50.00,0.68076,0.14978)|(50.00,0.74402,0.13217)|(50.00,0.81058,0.11559)|(50.00,0.88114,0.10001)|(50.00,0.95661,0.08539)|(50.00,1.03823,0.07172)|(50.00,1.12776,0.05897)|(50.00,1.22778,0.04713)|(50.00,1.34234,0.03621)|(50.00,1.47848,0.02623)|(50.00,1.65005,0.01721)|(50.00,1.89170,0.00926)|(50.00,2.35472,0.00260)
(100.00,-2.34046,6.47539)|(100.00,-1.88928,4.56075)|(100.00,-1.65146,3.71108)|(100.00,-1.48174,3.17059)|(100.00,-1.34661,2.77867)|(100.00,-1.23260,2.47391)|(100.00,-1.13287,2.22637)|(100.00,-1.04346,2.01918)|(100.00,-0.96182,1.84193)|(100.00,-0.88626,1.68777)|(100.00,-0.81554,1.55192)|(100.00,-0.74878,1.43094)|(100.00,-0.68527,1.32228)|(100.00,-0.62448,1.22397)|(100.00,-0.56597,1.13448)|(100.00,-0.50938,1.05261)|(100.00,-0.45443,0.97735)|(100.00,-0.40085,0.90792)|(100.00,-0.34843,0.84364)|(100.00,-0.29698,0.78395)|(100.00,-0.24633,0.72838)|(100.00,-0.19632,0.67653)|(100.00,-0.14682,0.62804)|(100.00,-0.09768,0.58263)|(100.00,-0.04878,0.54003)|(100.00,0.00000,0.50000)|(100.00,0.04878,0.46235)|(100.00,0.09768,0.42691)|(100.00,0.14682,0.39351)|(100.00,0.19632,0.36202)|(100.00,0.24633,0.33230)|(100.00,0.29698,0.30425)|(100.00,0.34843,0.27777)|(100.00,0.40085,0.25276)|(100.00,0.45443,0.22915)|(100.00,0.50938,0.20686)|(100.00,0.56597,0.18583)|(100.00,0.62448,0.16600)|(100.00,0.68527,0.14731)|(100.00,0.74878,0.12972)|(100.00,0.81554,0.11319)|(100.00,0.88626,0.09769)|(100.00,0.96182,0.08317)|(100.00,1.04346,0.06963)|(100.00,1.13287,0.05703)|(100.00,1.23260,0.04539)|(100.00,1.34661,0.03469)|(100.00,1.48174,0.02495)|(100.00,1.65146,0.01623)|(100.00,1.88928,0.00861)|(100.00,2.34046,0.00234)
